Timestamp, Frequency, Resistance
16/12/2020 11:28:34.939830, 5009884.600, 386.810
16/12/2020 11:28:35.937806, 5009884.400, 386.810
16/12/2020 11:28:36.936928, 5009884.400, 386.800
16/12/2020 11:28:37.937162, 5009884.300, 386.800
16/12/2020 11:28:38.937543, 5009884.300, 386.790
16/12/2020 11:28:39.936424, 5009884.100, 386.790
16/12/2020 11:28:40.937527, 5009884.100, 386.780
16/12/2020 11:28:41.937033, 5009884.000, 386.770
16/12/2020 11:28:42.937157, 5009884.000, 386.770
16/12/2020 11:28:43.937098, 5009883.900, 386.760
16/12/2020 11:28:44.936762, 5009883.800, 386.760
16/12/2020 11:28:45.937021, 5009883.800, 386.750
16/12/2020 11:28:46.937598, 5009883.600, 386.750
16/12/2020 11:28:47.937169, 5009883.600, 386.740
16/12/2020 11:28:48.938006, 5009883.500, 386.740
16/12/2020 11:28:49.936315, 5009883.400, 386.740
16/12/2020 11:28:51.430120, 5009883.300, 386.740
16/12/2020 11:28:51.936879, 5009883.200, 386.730
16/12/2020 11:28:52.936324, 5009883.100, 386.720
16/12/2020 11:28:53.937543, 5009883.100, 386.720
16/12/2020 11:28:54.936493, 5009883.000, 386.720
16/12/2020 11:28:55.936577, 5009883.000, 386.710
16/12/2020 11:28:56.937443, 5009882.900, 386.700
16/12/2020 11:28:57.937025, 5009882.800, 386.700
16/12/2020 11:28:58.937237, 5009882.700, 386.690
16/12/2020 11:28:59.937446, 5009882.600, 386.680
16/12/2020 11:29:00.936346, 5009882.600, 386.680
16/12/2020 11:29:01.936629, 5009882.500, 386.680
16/12/2020 11:29:02.936717, 5009882.400, 386.670
16/12/2020 11:29:03.936563, 5009882.300, 386.670
16/12/2020 11:29:04.936815, 5009882.300, 386.670
16/12/2020 11:29:05.936827, 5009882.100, 386.670
16/12/2020 11:29:06.936970, 5009882.100, 386.660
16/12/2020 11:29:07.937443, 5009882.000, 386.650
16/12/2020 11:29:08.937821, 5009882.000, 386.650
16/12/2020 11:29:09.936875, 5009881.900, 386.640
16/12/2020 11:29:10.936938, 5009881.800, 386.630
16/12/2020 11:29:11.936699, 5009881.700, 386.630
16/12/2020 11:29:12.936207, 5009881.600, 386.620
16/12/2020 11:29:13.936336, 5009881.600, 386.620
16/12/2020 11:29:14.937250, 5009881.400, 386.620
16/12/2020 11:29:15.936742, 5009881.400, 386.610
16/12/2020 11:29:16.937187, 5009881.300, 386.610
16/12/2020 11:29:17.940368, 5009881.200, 386.600
16/12/2020 11:29:18.936362, 5009881.100, 386.600
16/12/2020 11:29:19.938493, 5009881.100, 386.600
16/12/2020 11:29:20.936055, 5009881.000, 386.600
16/12/2020 11:29:21.937196, 5009880.900, 386.590
16/12/2020 11:29:22.936797, 5009880.800, 386.580
16/12/2020 11:29:23.936752, 5009880.900, 386.570
16/12/2020 11:29:24.936760, 5009880.800, 386.570
16/12/2020 11:29:25.936966, 5009880.600, 386.560
16/12/2020 11:29:26.935811, 5009880.500, 386.560
16/12/2020 11:29:27.937018, 5009880.400, 386.550
16/12/2020 11:29:28.936070, 5009880.400, 386.550
16/12/2020 11:29:29.935923, 5009880.300, 386.550
16/12/2020 11:29:30.936117, 5009880.200, 386.540
16/12/2020 11:29:31.936013, 5009880.100, 386.540
16/12/2020 11:29:32.936546, 5009880.000, 386.540
16/12/2020 11:29:33.936427, 5009880.000, 386.530
16/12/2020 11:29:34.937061, 5009879.900, 386.530
16/12/2020 11:29:35.936624, 5009879.900, 386.520
16/12/2020 11:29:36.936336, 5009879.800, 386.520
16/12/2020 11:29:37.937943, 5009879.600, 386.510
16/12/2020 11:29:38.937132, 5009879.600, 386.520
16/12/2020 11:29:39.937653, 5009879.500, 386.510
16/12/2020 11:29:40.937210, 5009879.400, 386.510
16/12/2020 11:29:41.937039, 5009879.400, 386.500
16/12/2020 11:29:42.937466, 5009879.300, 386.490
16/12/2020 11:29:43.937566, 5009879.200, 386.490
16/12/2020 11:29:44.939135, 5009879.100, 386.490
16/12/2020 11:29:45.936719, 5009879.000, 386.490
16/12/2020 11:29:46.937729, 5009878.900, 386.490
16/12/2020 11:29:47.935727, 5009878.800, 386.490
16/12/2020 11:29:48.935985, 5009878.800, 386.480
16/12/2020 11:29:49.935798, 5009878.800, 386.480
16/12/2020 11:29:50.936397, 5009878.600, 386.460
16/12/2020 11:29:51.936593, 5009878.600, 386.460
16/12/2020 11:29:52.936696, 5009878.500, 386.460
16/12/2020 11:29:53.935457, 5009878.300, 386.460
16/12/2020 11:29:54.936026, 5009878.300, 386.450
16/12/2020 11:29:55.936445, 5009878.200, 386.450
16/12/2020 11:29:56.936525, 5009878.100, 386.460
16/12/2020 11:29:57.935636, 5009878.000, 386.460
16/12/2020 11:29:58.935670, 5009878.000, 386.450
16/12/2020 11:29:59.935820, 5009877.900, 386.440
16/12/2020 11:30:00.935405, 5009877.800, 386.440
16/12/2020 11:30:01.936498, 5009877.800, 386.440
16/12/2020 11:30:02.936571, 5009877.600, 386.440
16/12/2020 11:30:03.937303, 5009877.600, 386.440
16/12/2020 11:30:04.935286, 5009877.400, 386.440
16/12/2020 11:30:05.935746, 5009877.400, 386.440
16/12/2020 11:30:06.936474, 5009877.300, 386.430
16/12/2020 11:30:07.936848, 5009877.300, 386.430
16/12/2020 11:30:08.935446, 5009877.200, 386.430
16/12/2020 11:30:09.936530, 5009877.000, 386.430
16/12/2020 11:30:10.936596, 5009877.000, 386.420
16/12/2020 11:30:11.936084, 5009877.000, 386.420
16/12/2020 11:30:12.936893, 5009876.900, 386.420
16/12/2020 11:30:13.936753, 5009876.800, 386.420
16/12/2020 11:30:14.937157, 5009876.700, 386.420
16/12/2020 11:30:15.936781, 5009876.600, 386.420
16/12/2020 11:30:16.936283, 5009876.500, 386.420
16/12/2020 11:30:17.936261, 5009876.400, 386.420
16/12/2020 11:30:18.936421, 5009876.300, 386.410
16/12/2020 11:30:19.935600, 5009876.300, 386.410
16/12/2020 11:30:20.937119, 5009876.300, 386.400
16/12/2020 11:30:21.936197, 5009876.100, 386.390
16/12/2020 11:30:22.935528, 5009876.000, 386.400
16/12/2020 11:30:23.935478, 5009876.000, 386.390
16/12/2020 11:30:24.936204, 5009875.900, 386.390
16/12/2020 11:30:25.940262, 5009875.900, 386.390
16/12/2020 11:30:26.936203, 5009875.800, 386.390
16/12/2020 11:30:27.937125, 5009875.700, 386.390
16/12/2020 11:30:28.936283, 5009875.600, 386.390
16/12/2020 11:30:29.941609, 5009875.500, 386.400
16/12/2020 11:30:30.936062, 5009875.400, 386.400
16/12/2020 11:30:31.934953, 5009875.300, 386.400
16/12/2020 11:30:32.936591, 5009875.100, 386.410
16/12/2020 11:30:33.935068, 5009875.100, 386.400
16/12/2020 11:30:34.934943, 5009875.000, 386.410
16/12/2020 11:30:35.935691, 5009875.000, 386.400
16/12/2020 11:30:36.934893, 5009874.900, 386.400
16/12/2020 11:30:37.935043, 5009874.800, 386.400
16/12/2020 11:30:38.935163, 5009874.700, 386.410
16/12/2020 11:30:39.936263, 5009874.600, 386.410
16/12/2020 11:30:40.935187, 5009874.400, 386.410
16/12/2020 11:30:41.936321, 5009874.400, 386.400
16/12/2020 11:30:42.936442, 5009874.400, 386.400
16/12/2020 11:30:43.935136, 5009874.300, 386.400
16/12/2020 11:30:44.935207, 5009874.200, 386.400
16/12/2020 11:30:45.935961, 5009874.100, 386.410
16/12/2020 11:30:46.935080, 5009874.000, 386.410
16/12/2020 11:30:47.935131, 5009874.000, 386.410
16/12/2020 11:30:48.935038, 5009873.900, 386.410
16/12/2020 11:30:49.935435, 5009873.900, 386.410
16/12/2020 11:30:50.935870, 5009873.800, 386.410
16/12/2020 11:30:51.935503, 5009873.700, 386.420
16/12/2020 11:30:52.940385, 5009873.600, 386.420
16/12/2020 11:30:53.936308, 5009873.500, 386.420
16/12/2020 11:30:54.935415, 5009873.400, 386.420
16/12/2020 11:30:55.935830, 5009873.300, 386.430
16/12/2020 11:30:56.935494, 5009873.200, 386.430
16/12/2020 11:30:57.935106, 5009873.100, 386.430
16/12/2020 11:30:58.939215, 5009873.100, 386.430
16/12/2020 11:30:59.935546, 5009873.000, 386.430
16/12/2020 11:31:00.935457, 5009873.000, 386.430
16/12/2020 11:31:01.935280, 5009872.900, 386.430
16/12/2020 11:31:02.936268, 5009872.900, 386.430
16/12/2020 11:31:03.934681, 5009872.800, 386.430
16/12/2020 11:31:04.935145, 5009872.800, 386.430
16/12/2020 11:31:05.935522, 5009872.700, 386.440
16/12/2020 11:31:06.935984, 5009872.500, 386.430
16/12/2020 11:31:07.934574, 5009872.500, 386.420
16/12/2020 11:31:08.934841, 5009872.400, 386.420
16/12/2020 11:31:09.935299, 5009872.400, 386.440
16/12/2020 11:31:10.937661, 5009872.200, 386.450
16/12/2020 11:31:11.935242, 5009872.100, 386.450
16/12/2020 11:31:12.935441, 5009872.200, 386.450
16/12/2020 11:31:13.935277, 5009872.000, 386.450
16/12/2020 11:31:14.935111, 5009872.000, 386.460
16/12/2020 11:31:15.935422, 5009871.900, 386.460
16/12/2020 11:31:16.934670, 5009871.900, 386.450
16/12/2020 11:31:17.935979, 5009871.800, 386.460
16/12/2020 11:31:18.936447, 5009871.800, 386.470
16/12/2020 11:31:19.934673, 5009871.600, 386.470
16/12/2020 11:31:20.934868, 5009871.600, 386.460
16/12/2020 11:31:21.934348, 5009871.500, 386.460
16/12/2020 11:31:22.935475, 5009871.400, 386.470
16/12/2020 11:31:23.935543, 5009871.300, 386.460
16/12/2020 11:31:24.934967, 5009871.300, 386.460
16/12/2020 11:31:25.934881, 5009871.100, 386.460
16/12/2020 11:31:26.934833, 5009871.000, 386.460
16/12/2020 11:31:27.935963, 5009871.000, 386.460
16/12/2020 11:31:28.935410, 5009870.900, 386.460
16/12/2020 11:31:29.935077, 5009870.900, 386.460
16/12/2020 11:31:30.936664, 5009870.800, 386.460
16/12/2020 11:31:31.937103, 5009870.700, 386.450
16/12/2020 11:31:32.934773, 5009870.600, 386.460
16/12/2020 11:31:33.934555, 5009870.500, 386.450
16/12/2020 11:31:34.984294, 5009870.400, 386.460
16/12/2020 11:31:36.683810, 5009870.300, 386.460
16/12/2020 11:31:36.935632, 5009870.300, 386.460
16/12/2020 11:31:37.934393, 5009870.100, 386.460
16/12/2020 11:31:38.934442, 5009870.000, 386.470
16/12/2020 11:31:39.934251, 5009869.900, 386.480
16/12/2020 11:31:40.934727, 5009869.900, 386.490
16/12/2020 11:31:41.934795, 5009869.800, 386.490
16/12/2020 11:31:42.935648, 5009869.600, 386.490
16/12/2020 11:31:43.935000, 5009869.400, 386.500
16/12/2020 11:31:44.933816, 5009869.300, 386.500
16/12/2020 11:31:45.934002, 5009869.300, 386.500
16/12/2020 11:31:46.934109, 5009869.100, 386.500
16/12/2020 11:31:47.934344, 5009869.000, 386.500
16/12/2020 11:31:48.935329, 5009868.900, 386.510
16/12/2020 11:31:49.934453, 5009868.900, 386.520
16/12/2020 11:31:51.193490, 5009868.800, 386.520
16/12/2020 11:31:51.934981, 5009868.600, 386.520
16/12/2020 11:31:52.934491, 5009868.400, 386.530
16/12/2020 11:31:53.936088, 5009868.300, 386.570
16/12/2020 11:31:54.934761, 5009868.100, 386.580
16/12/2020 11:31:56.366568, 5009868.000, 386.590
16/12/2020 11:31:57.554418, 5009868.000, 386.580
16/12/2020 11:31:58.934327, 5009867.800, 386.590
16/12/2020 11:31:59.933703, 5009867.500, 386.590
16/12/2020 11:32:00.934360, 5009867.400, 386.580
16/12/2020 11:32:01.934740, 5009867.400, 386.580
16/12/2020 11:32:02.934127, 5009867.100, 386.590
16/12/2020 11:32:03.934347, 5009867.100, 386.590
16/12/2020 11:32:04.933815, 5009867.000, 386.600
16/12/2020 11:32:05.934663, 5009866.900, 386.600
16/12/2020 11:32:06.935731, 5009866.700, 386.610
16/12/2020 11:32:07.934648, 5009866.600, 386.610
16/12/2020 11:32:08.934683, 5009866.400, 386.620
16/12/2020 11:32:09.934060, 5009866.300, 386.620
16/12/2020 11:32:10.933760, 5009866.300, 386.620
16/12/2020 11:32:11.935219, 5009866.100, 386.630
16/12/2020 11:32:12.935233, 5009866.000, 386.620
16/12/2020 11:32:13.934397, 5009865.900, 386.620
16/12/2020 11:32:14.933709, 5009865.800, 386.630
16/12/2020 11:32:15.934261, 5009865.600, 386.630
16/12/2020 11:32:16.934701, 5009865.500, 386.630
16/12/2020 11:32:17.933433, 5009865.400, 386.630
16/12/2020 11:32:18.934344, 5009865.200, 386.630
16/12/2020 11:32:19.933835, 5009865.100, 386.620
16/12/2020 11:32:20.934665, 5009865.000, 386.620
16/12/2020 11:32:21.933841, 5009865.000, 386.620
16/12/2020 11:32:22.933878, 5009864.800, 386.620
16/12/2020 11:32:23.934276, 5009864.700, 386.620
16/12/2020 11:32:24.933973, 5009864.600, 386.620
16/12/2020 11:32:25.933558, 5009864.500, 386.620
16/12/2020 11:32:26.935792, 5009864.300, 386.620
16/12/2020 11:32:27.933843, 5009864.200, 386.620
16/12/2020 11:32:28.938284, 5009864.100, 386.620
16/12/2020 11:32:30.372920, 5009864.000, 386.620
16/12/2020 11:32:31.973730, 5009863.800, 386.620
16/12/2020 11:32:33.252643, 5009863.600, 386.620
16/12/2020 11:32:34.516351, 5009863.600, 386.620
16/12/2020 11:32:35.986179, 5009863.300, 386.620
16/12/2020 11:32:37.408691, 5009863.200, 386.620
16/12/2020 11:32:39.669190, 5009863.000, 386.620
16/12/2020 11:32:41.358801, 5009862.800, 386.620
16/12/2020 11:32:43.199590, 5009862.600, 386.630
16/12/2020 11:32:44.622208, 5009862.500, 386.630
16/12/2020 11:32:45.933096, 5009862.400, 386.630
16/12/2020 11:32:46.933795, 5009862.200, 386.630
16/12/2020 11:32:48.415430, 5009862.200, 386.630
16/12/2020 11:32:48.934861, 5009862.000, 386.630
16/12/2020 11:32:49.935653, 5009862.000, 386.630
16/12/2020 11:32:50.933629, 5009862.000, 386.630
16/12/2020 11:32:51.933602, 5009861.900, 386.640
16/12/2020 11:32:52.933117, 5009861.800, 386.640
16/12/2020 11:32:53.933199, 5009861.700, 386.640
16/12/2020 11:32:54.933426, 5009861.600, 386.640
16/12/2020 11:32:55.933229, 5009861.600, 386.640
16/12/2020 11:32:56.933066, 5009861.400, 386.640
16/12/2020 11:32:57.935334, 5009861.300, 386.640
16/12/2020 11:32:59.173101, 5009861.100, 386.640
16/12/2020 11:33:00.354452, 5009861.000, 386.650
16/12/2020 11:33:01.485719, 5009861.000, 386.650
16/12/2020 11:33:02.935095, 5009860.900, 386.660
16/12/2020 11:33:04.159570, 5009860.800, 386.660
16/12/2020 11:33:05.179761, 5009860.700, 386.660
16/12/2020 11:33:06.120197, 5009860.600, 386.660
16/12/2020 11:33:07.343700, 5009860.600, 386.660
16/12/2020 11:33:08.293689, 5009860.400, 386.660
16/12/2020 11:33:09.510196, 5009860.300, 386.660
16/12/2020 11:33:10.933531, 5009860.300, 386.660
16/12/2020 11:33:11.988283, 5009860.100, 386.660
16/12/2020 11:33:13.199258, 5009860.000, 386.660
16/12/2020 11:33:14.440018, 5009860.000, 386.660
16/12/2020 11:33:15.413002, 5009859.900, 386.660
16/12/2020 11:33:16.593889, 5009859.800, 386.660
16/12/2020 11:33:17.944933, 5009859.800, 386.660
16/12/2020 11:33:18.933893, 5009859.600, 386.660
16/12/2020 11:33:19.933203, 5009859.600, 386.660
16/12/2020 11:33:20.933194, 5009859.500, 386.660
16/12/2020 11:33:21.933334, 5009859.400, 386.660
16/12/2020 11:33:22.933661, 5009859.300, 386.660
16/12/2020 11:33:23.933708, 5009859.400, 386.670
16/12/2020 11:33:24.932827, 5009859.200, 386.670
16/12/2020 11:33:25.933588, 5009859.100, 386.670
16/12/2020 11:33:26.933761, 5009859.100, 386.670
16/12/2020 11:33:27.933559, 5009859.000, 386.670
16/12/2020 11:33:29.401200, 5009858.900, 386.670
16/12/2020 11:33:30.264457, 5009858.900, 386.670
16/12/2020 11:33:31.456900, 5009858.800, 386.670
16/12/2020 11:33:32.207476, 5009858.800, 386.670
16/12/2020 11:33:33.222139, 5009858.700, 386.670
16/12/2020 11:33:33.933850, 5009858.700, 386.670
16/12/2020 11:33:34.933443, 5009858.600, 386.670
16/12/2020 11:33:35.933896, 5009858.500, 386.680
16/12/2020 11:33:36.934305, 5009858.400, 386.680
16/12/2020 11:33:37.942925, 5009858.400, 386.680
16/12/2020 11:33:39.643980, 5009858.300, 386.680
16/12/2020 11:33:39.933703, 5009858.300, 386.680
16/12/2020 11:33:40.958875, 5009858.300, 386.680
16/12/2020 11:33:41.933978, 5009858.100, 386.690
16/12/2020 11:33:42.932689, 5009858.100, 386.680
16/12/2020 11:33:43.933101, 5009858.100, 386.680
16/12/2020 11:33:44.934706, 5009858.000, 386.680
16/12/2020 11:33:45.932876, 5009858.000, 386.680
16/12/2020 11:33:46.932956, 5009857.900, 386.680
16/12/2020 11:33:47.934845, 5009857.800, 386.680
16/12/2020 11:33:48.932975, 5009857.800, 386.680
16/12/2020 11:33:49.932599, 5009857.800, 386.690
16/12/2020 11:33:50.933040, 5009857.700, 386.680
16/12/2020 11:33:51.932049, 5009857.700, 386.680
16/12/2020 11:33:52.933059, 5009857.700, 386.670
16/12/2020 11:33:53.933925, 5009857.600, 386.630
16/12/2020 11:33:55.335270, 5009857.600, 386.620
16/12/2020 11:33:55.996495, 5009857.500, 386.620
16/12/2020 11:33:57.375058, 5009857.400, 386.620
16/12/2020 11:33:58.449584, 5009857.400, 386.620
16/12/2020 11:33:59.262299, 5009857.300, 386.620
16/12/2020 11:34:00.728173, 5009857.300, 386.620
16/12/2020 11:34:01.933726, 5009857.300, 386.620
16/12/2020 11:34:02.932903, 5009857.200, 386.620
16/12/2020 11:34:04.274765, 5009857.100, 386.620
16/12/2020 11:34:05.453215, 5009857.100, 386.620
16/12/2020 11:34:06.573320, 5009857.000, 386.620
16/12/2020 11:34:07.487028, 5009857.000, 386.620
16/12/2020 11:34:08.349428, 5009857.000, 386.620
16/12/2020 11:34:09.737130, 5009856.900, 386.620
16/12/2020 11:34:11.129713, 5009856.900, 386.620
16/12/2020 11:34:12.704262, 5009856.800, 386.620
16/12/2020 11:34:14.121063, 5009856.800, 386.620
16/12/2020 11:34:15.459124, 5009856.700, 386.620
16/12/2020 11:34:16.816647, 5009856.600, 386.620
16/12/2020 11:34:17.936327, 5009856.600, 386.620
16/12/2020 11:34:18.932108, 5009856.500, 386.620
16/12/2020 11:34:19.934213, 5009856.500, 386.620
16/12/2020 11:34:20.933120, 5009856.500, 386.620
16/12/2020 11:34:21.931821, 5009856.400, 386.610
16/12/2020 11:34:22.933670, 5009856.400, 386.610
16/12/2020 11:34:23.933018, 5009856.400, 386.600
16/12/2020 11:34:24.932423, 5009856.300, 386.600
16/12/2020 11:34:25.932839, 5009856.300, 386.590
16/12/2020 11:34:26.932808, 5009856.300, 386.590
16/12/2020 11:34:27.932782, 5009856.200, 386.580
16/12/2020 11:34:28.932740, 5009856.300, 386.580
16/12/2020 11:34:29.932095, 5009856.200, 386.570
16/12/2020 11:34:30.935999, 5009856.100, 386.580
16/12/2020 11:34:31.932115, 5009856.100, 386.570
16/12/2020 11:34:32.931927, 5009856.100, 386.570
16/12/2020 11:34:33.931573, 5009856.000, 386.560
16/12/2020 11:34:34.932375, 5009856.000, 386.560
16/12/2020 11:34:35.931682, 5009856.000, 386.570
16/12/2020 11:34:36.931609, 5009855.900, 386.570
16/12/2020 11:34:37.931687, 5009855.900, 386.570
16/12/2020 11:34:38.932028, 5009855.900, 386.580
16/12/2020 11:34:39.933635, 5009855.900, 386.570
16/12/2020 11:34:40.939464, 5009855.900, 386.570
16/12/2020 11:34:41.931666, 5009855.800, 386.570
16/12/2020 11:34:42.932214, 5009855.800, 386.570
16/12/2020 11:34:43.931816, 5009855.800, 386.570
16/12/2020 11:34:44.932155, 5009855.700, 386.560
16/12/2020 11:34:45.931893, 5009855.600, 386.570
16/12/2020 11:34:46.932225, 5009855.600, 386.570
16/12/2020 11:34:47.931874, 5009855.600, 386.560
16/12/2020 11:34:48.932320, 5009855.600, 386.560
16/12/2020 11:34:49.931532, 5009855.500, 386.560
16/12/2020 11:34:50.991149, 5009855.400, 386.560
16/12/2020 11:34:52.124576, 5009855.400, 386.560
16/12/2020 11:34:52.932647, 5009855.400, 386.550
16/12/2020 11:34:53.932597, 5009855.400, 386.550
16/12/2020 11:34:55.454440, 5009855.300, 386.540
16/12/2020 11:34:56.932705, 5009855.300, 386.540
16/12/2020 11:34:57.933351, 5009855.300, 386.540
16/12/2020 11:34:58.931369, 5009855.200, 386.530
16/12/2020 11:34:59.932007, 5009855.300, 386.530
16/12/2020 11:35:00.933121, 5009855.100, 386.530
16/12/2020 11:35:01.932893, 5009855.100, 386.530
16/12/2020 11:35:02.931763, 5009855.100, 386.530
16/12/2020 11:35:03.932763, 5009855.100, 386.530
16/12/2020 11:35:04.931228, 5009855.100, 386.530
16/12/2020 11:35:05.932626, 5009855.000, 386.530
16/12/2020 11:35:06.931091, 5009855.000, 386.530
16/12/2020 11:35:07.931432, 5009855.000, 386.530
16/12/2020 11:35:08.931029, 5009854.900, 386.520
16/12/2020 11:35:09.931849, 5009854.900, 386.520
16/12/2020 11:35:10.932030, 5009854.900, 386.520
16/12/2020 11:35:11.932418, 5009854.800, 386.520
16/12/2020 11:35:12.931414, 5009854.800, 386.510
16/12/2020 11:35:13.931512, 5009854.800, 386.510
16/12/2020 11:35:15.447600, 5009854.800, 386.510
16/12/2020 11:35:16.344203, 5009854.700, 386.510
16/12/2020 11:35:17.878304, 5009854.600, 386.510
16/12/2020 11:35:19.922500, 5009854.600, 386.500
16/12/2020 11:35:20.412129, 5009854.400, 386.500
16/12/2020 11:35:21.631987, 5009854.400, 386.500
16/12/2020 11:35:22.931384, 5009854.500, 386.500
16/12/2020 11:35:24.233801, 5009854.400, 386.500
16/12/2020 11:35:24.932143, 5009854.400, 386.490
16/12/2020 11:35:25.932313, 5009854.400, 386.500
16/12/2020 11:35:26.931894, 5009854.300, 386.490
16/12/2020 11:35:27.932625, 5009854.200, 386.490
16/12/2020 11:35:28.931761, 5009854.200, 386.490
16/12/2020 11:35:29.931548, 5009854.200, 386.490
16/12/2020 11:35:30.931673, 5009854.100, 386.490
16/12/2020 11:35:31.931738, 5009854.100, 386.490
16/12/2020 11:35:32.931849, 5009854.100, 386.490
16/12/2020 11:35:34.146072, 5009854.000, 386.480
16/12/2020 11:35:34.932306, 5009854.000, 386.480
16/12/2020 11:35:35.931478, 5009854.000, 386.480
16/12/2020 11:35:36.931469, 5009853.900, 386.480
16/12/2020 11:35:37.931452, 5009853.900, 386.480
16/12/2020 11:35:38.931302, 5009853.900, 386.490
16/12/2020 11:35:39.931582, 5009853.800, 386.480
16/12/2020 11:35:40.931962, 5009853.800, 386.470
16/12/2020 11:35:42.112192, 5009853.800, 386.480
16/12/2020 11:35:43.318081, 5009853.700, 386.480
16/12/2020 11:35:44.732740, 5009853.700, 386.480
16/12/2020 11:35:46.387160, 5009853.600, 386.480
16/12/2020 11:35:47.437555, 5009853.400, 386.480
16/12/2020 11:35:48.972139, 5009853.400, 386.490
16/12/2020 11:35:50.462063, 5009853.400, 386.490
16/12/2020 11:35:51.746734, 5009853.400, 386.490
16/12/2020 11:35:52.931408, 5009853.300, 386.490
16/12/2020 11:35:53.931336, 5009853.300, 386.490
16/12/2020 11:35:54.930480, 5009853.200, 386.490
16/12/2020 11:35:55.930632, 5009853.200, 386.490
16/12/2020 11:35:57.361030, 5009853.200, 386.490
16/12/2020 11:35:58.615949, 5009853.100, 386.490
16/12/2020 11:36:00.467540, 5009853.100, 386.490
16/12/2020 11:36:01.570981, 5009853.000, 386.490
16/12/2020 11:36:03.106916, 5009853.000, 386.490
16/12/2020 11:36:04.272612, 5009853.000, 386.490
16/12/2020 11:36:05.206019, 5009852.900, 386.490
16/12/2020 11:36:06.480504, 5009852.900, 386.490
16/12/2020 11:36:07.745421, 5009852.900, 386.490
16/12/2020 11:36:09.115014, 5009852.800, 386.500
16/12/2020 11:36:10.408950, 5009852.800, 386.490
16/12/2020 11:36:11.191971, 5009852.800, 386.490
16/12/2020 11:36:11.969064, 5009852.800, 386.490
16/12/2020 11:36:12.930625, 5009852.800, 386.490
16/12/2020 11:36:13.930549, 5009852.700, 386.490
16/12/2020 11:36:14.931014, 5009852.700, 386.500
16/12/2020 11:36:15.931487, 5009852.600, 386.500
16/12/2020 11:36:17.113889, 5009852.600, 386.500
16/12/2020 11:36:18.872802, 5009852.500, 386.500
16/12/2020 11:36:20.676606, 5009852.600, 386.500
16/12/2020 11:36:22.943100, 5009852.500, 386.500
16/12/2020 11:36:23.962150, 5009852.500, 386.500
16/12/2020 11:36:24.283576, 5009852.400, 386.500
16/12/2020 11:36:25.930949, 5009852.400, 386.500
16/12/2020 11:36:26.930600, 5009852.400, 386.500
16/12/2020 11:36:27.930387, 5009852.400, 386.500
16/12/2020 11:36:28.930104, 5009852.300, 386.500
16/12/2020 11:36:29.930975, 5009852.300, 386.490
16/12/2020 11:36:30.948458, 5009852.300, 386.490
16/12/2020 11:36:31.931025, 5009852.200, 386.500
16/12/2020 11:36:32.930949, 5009852.200, 386.500
16/12/2020 11:36:33.930207, 5009852.300, 386.500
16/12/2020 11:36:34.931257, 5009852.100, 386.490
16/12/2020 11:36:35.930875, 5009852.300, 386.480
16/12/2020 11:36:36.930019, 5009852.200, 386.480
16/12/2020 11:36:37.931387, 5009852.100, 386.460
16/12/2020 11:36:38.932253, 5009852.100, 386.460
16/12/2020 11:36:39.932139, 5009852.100, 386.470
16/12/2020 11:36:40.932666, 5009852.100, 386.470
16/12/2020 11:36:41.931477, 5009852.100, 386.470
16/12/2020 11:36:42.930300, 5009852.000, 386.470
16/12/2020 11:36:43.930105, 5009852.000, 386.470
16/12/2020 11:36:44.930354, 5009852.000, 386.470
16/12/2020 11:36:45.930836, 5009852.000, 386.470
16/12/2020 11:36:46.930645, 5009852.000, 386.470
16/12/2020 11:36:47.930219, 5009851.900, 386.460
16/12/2020 11:36:48.930755, 5009852.000, 386.470
16/12/2020 11:36:49.930037, 5009851.900, 386.460
16/12/2020 11:36:50.929682, 5009851.900, 386.460
16/12/2020 11:36:51.930387, 5009851.900, 386.460
16/12/2020 11:36:52.930400, 5009851.900, 386.460
16/12/2020 11:36:53.930774, 5009851.800, 386.470
16/12/2020 11:36:54.931363, 5009851.800, 386.470
16/12/2020 11:36:55.929519, 5009851.800, 386.460
16/12/2020 11:36:56.929974, 5009851.800, 386.460
16/12/2020 11:36:57.929672, 5009851.800, 386.460
16/12/2020 11:36:58.929952, 5009851.700, 386.460
16/12/2020 11:36:59.930868, 5009851.800, 386.460
16/12/2020 11:37:00.931372, 5009851.600, 386.460
16/12/2020 11:37:01.929530, 5009851.700, 386.460
16/12/2020 11:37:02.929878, 5009851.600, 386.460
16/12/2020 11:37:03.930867, 5009851.600, 386.470
16/12/2020 11:37:04.930964, 5009851.600, 386.470
16/12/2020 11:37:05.929769, 5009851.600, 386.460
16/12/2020 11:37:06.930223, 5009851.500, 386.450
16/12/2020 11:37:07.929472, 5009851.600, 386.460
16/12/2020 11:37:08.930473, 5009851.400, 386.460
16/12/2020 11:37:09.935623, 5009851.500, 386.460
16/12/2020 11:37:10.930220, 5009851.500, 386.460
16/12/2020 11:37:11.931151, 5009851.500, 386.460
16/12/2020 11:37:13.617126, 5009851.400, 386.460
16/12/2020 11:37:14.931162, 5009851.400, 386.460
16/12/2020 11:37:16.389003, 5009851.300, 386.460
16/12/2020 11:37:16.956161, 5009851.300, 386.460
16/12/2020 11:37:17.932812, 5009851.300, 386.460
16/12/2020 11:37:18.930063, 5009851.300, 386.460
16/12/2020 11:37:19.930580, 5009851.300, 386.460
16/12/2020 11:37:20.929967, 5009851.300, 386.460
16/12/2020 11:37:21.930064, 5009851.300, 386.460
16/12/2020 11:37:22.929798, 5009851.200, 386.470
16/12/2020 11:37:23.929774, 5009851.100, 386.460
16/12/2020 11:37:24.930365, 5009851.100, 386.460
16/12/2020 11:37:25.929381, 5009851.100, 386.460
16/12/2020 11:37:26.929626, 5009851.100, 386.460
16/12/2020 11:37:27.930283, 5009851.100, 386.460
16/12/2020 11:37:28.930234, 5009851.100, 386.460
16/12/2020 11:37:29.930557, 5009851.000, 386.460
16/12/2020 11:37:30.930816, 5009851.100, 386.460
16/12/2020 11:37:31.930079, 5009851.000, 386.470
16/12/2020 11:37:33.205296, 5009851.000, 386.470
16/12/2020 11:37:34.434490, 5009851.000, 386.470
16/12/2020 11:37:34.999286, 5009851.000, 386.470
16/12/2020 11:37:35.930403, 5009851.000, 386.470
16/12/2020 11:37:36.930750, 5009850.900, 386.460
16/12/2020 11:37:37.930043, 5009850.900, 386.460
16/12/2020 11:37:38.929918, 5009851.000, 386.460
16/12/2020 11:37:39.930863, 5009850.900, 386.460
16/12/2020 11:37:40.929917, 5009850.900, 386.470
16/12/2020 11:37:41.933402, 5009850.900, 386.460
16/12/2020 11:37:42.930112, 5009850.900, 386.460
16/12/2020 11:37:43.929088, 5009850.900, 386.470
16/12/2020 11:37:44.929281, 5009850.800, 386.470
16/12/2020 11:37:45.930258, 5009850.800, 386.470
16/12/2020 11:37:46.929368, 5009850.800, 386.470
16/12/2020 11:37:47.930219, 5009850.700, 386.470
16/12/2020 11:37:48.929236, 5009850.800, 386.470
16/12/2020 11:37:49.929220, 5009850.700, 386.470
16/12/2020 11:37:50.928842, 5009850.800, 386.480
16/12/2020 11:37:51.929743, 5009850.700, 386.470
16/12/2020 11:37:52.928800, 5009850.700, 386.480
16/12/2020 11:37:53.928810, 5009850.600, 386.470
16/12/2020 11:37:54.928794, 5009850.600, 386.480
16/12/2020 11:37:55.928844, 5009850.600, 386.480
16/12/2020 11:37:56.929496, 5009850.600, 386.480
16/12/2020 11:37:57.929185, 5009850.500, 386.480
16/12/2020 11:37:58.928924, 5009850.600, 386.480
16/12/2020 11:37:59.930556, 5009850.600, 386.480
16/12/2020 11:38:00.929092, 5009850.500, 386.480
16/12/2020 11:38:01.929725, 5009850.600, 386.480
16/12/2020 11:38:02.930058, 5009850.500, 386.480
16/12/2020 11:38:03.930341, 5009850.500, 386.480
16/12/2020 11:38:04.929120, 5009850.400, 386.480
16/12/2020 11:38:05.928744, 5009850.400, 386.490
16/12/2020 11:38:06.928899, 5009850.400, 386.480
16/12/2020 11:38:07.928685, 5009850.400, 386.490
16/12/2020 11:38:08.929049, 5009850.400, 386.490
16/12/2020 11:38:09.929150, 5009850.400, 386.490
16/12/2020 11:38:10.929099, 5009850.300, 386.490
16/12/2020 11:38:11.928663, 5009850.300, 386.490
16/12/2020 11:38:12.928581, 5009850.300, 386.490
16/12/2020 11:38:13.929036, 5009850.300, 386.490
16/12/2020 11:38:14.929778, 5009850.300, 386.490
16/12/2020 11:38:15.929073, 5009850.300, 386.490
16/12/2020 11:38:16.930106, 5009850.300, 386.490
16/12/2020 11:38:17.928787, 5009850.200, 386.480
16/12/2020 11:38:18.928734, 5009850.300, 386.480
16/12/2020 11:38:19.928582, 5009850.200, 386.480
16/12/2020 11:38:20.928652, 5009850.100, 386.480
16/12/2020 11:38:21.929295, 5009850.300, 386.480
16/12/2020 11:38:22.928539, 5009850.200, 386.480
16/12/2020 11:38:23.928512, 5009850.100, 386.490
16/12/2020 11:38:24.932636, 5009850.100, 386.490
16/12/2020 11:38:25.928322, 5009850.100, 386.490
16/12/2020 11:38:26.928453, 5009850.100, 386.490
16/12/2020 11:38:27.928575, 5009850.100, 386.490
16/12/2020 11:38:28.928618, 5009850.100, 386.490
16/12/2020 11:38:29.929653, 5009850.100, 386.490
16/12/2020 11:38:30.929532, 5009850.100, 386.500
16/12/2020 11:38:31.929730, 5009850.000, 386.500
16/12/2020 11:38:32.929848, 5009850.000, 386.500
16/12/2020 11:38:33.929367, 5009850.000, 386.500
16/12/2020 11:38:34.929338, 5009850.000, 386.500
16/12/2020 11:38:35.929051, 5009850.000, 386.500
16/12/2020 11:38:36.928550, 5009850.000, 386.500
16/12/2020 11:38:37.928970, 5009850.000, 386.500
16/12/2020 11:38:38.929860, 5009850.000, 386.500
16/12/2020 11:38:39.930229, 5009850.000, 386.500
16/12/2020 11:38:40.929637, 5009850.000, 386.500
16/12/2020 11:38:41.928112, 5009849.900, 386.510
16/12/2020 11:38:42.929045, 5009850.000, 386.500
16/12/2020 11:38:43.928835, 5009850.000, 386.510
16/12/2020 11:38:44.928682, 5009849.900, 386.510
16/12/2020 11:38:45.928303, 5009849.900, 386.510
16/12/2020 11:38:46.928315, 5009849.900, 386.510
16/12/2020 11:38:47.929237, 5009849.900, 386.520
16/12/2020 11:38:48.928310, 5009849.900, 386.510
16/12/2020 11:38:49.928342, 5009849.900, 386.520
16/12/2020 11:38:50.928035, 5009849.900, 386.520
16/12/2020 11:38:51.928749, 5009850.000, 386.510
16/12/2020 11:38:52.929415, 5009850.000, 386.510
16/12/2020 11:38:53.931843, 5009850.000, 386.520
16/12/2020 11:38:54.928044, 5009850.000, 386.520
16/12/2020 11:38:55.928410, 5009850.000, 386.520
16/12/2020 11:38:56.929038, 5009850.000, 386.520
16/12/2020 11:38:57.927893, 5009850.000, 386.520
16/12/2020 11:38:58.928304, 5009850.000, 386.520
16/12/2020 11:38:59.927965, 5009850.000, 386.520
16/12/2020 11:39:00.928059, 5009850.000, 386.520
16/12/2020 11:39:01.928343, 5009850.000, 386.520
16/12/2020 11:39:02.928140, 5009850.000, 386.520
16/12/2020 11:39:03.927963, 5009850.000, 386.520
16/12/2020 11:39:04.929309, 5009850.000, 386.520
16/12/2020 11:39:05.928900, 5009850.000, 386.520
16/12/2020 11:39:06.927811, 5009850.000, 386.530
16/12/2020 11:39:07.928229, 5009850.000, 386.530
16/12/2020 11:39:08.928360, 5009850.000, 386.530
16/12/2020 11:39:09.928929, 5009850.000, 386.530
16/12/2020 11:39:10.928775, 5009850.000, 386.530
16/12/2020 11:39:11.928958, 5009850.000, 386.530
16/12/2020 11:39:12.928917, 5009850.000, 386.520
16/12/2020 11:39:13.928956, 5009849.900, 386.520
16/12/2020 11:39:14.928516, 5009849.900, 386.530
16/12/2020 11:39:15.928266, 5009849.900, 386.530
16/12/2020 11:39:16.928041, 5009849.900, 386.530
16/12/2020 11:39:17.927744, 5009850.000, 386.530
16/12/2020 11:39:18.928600, 5009849.900, 386.540
16/12/2020 11:39:19.927708, 5009849.800, 386.540
16/12/2020 11:39:20.927678, 5009849.700, 386.540
16/12/2020 11:39:21.927735, 5009849.600, 386.540
16/12/2020 11:39:22.927708, 5009849.500, 386.540
16/12/2020 11:39:23.928381, 5009849.500, 386.540
16/12/2020 11:39:24.928427, 5009849.500, 386.540
16/12/2020 11:39:25.927696, 5009849.400, 386.540
16/12/2020 11:39:26.927985, 5009849.300, 386.540
16/12/2020 11:39:27.928428, 5009849.400, 386.550
16/12/2020 11:39:28.928115, 5009849.400, 386.550
16/12/2020 11:39:29.929525, 5009849.300, 386.560
16/12/2020 11:39:30.927927, 5009849.200, 386.540
16/12/2020 11:39:31.928711, 5009849.200, 386.520
16/12/2020 11:39:32.927675, 5009849.100, 386.530
16/12/2020 11:39:33.927524, 5009849.000, 386.530
16/12/2020 11:39:34.927463, 5009848.900, 386.540
16/12/2020 11:39:35.928409, 5009848.800, 386.540
16/12/2020 11:39:36.928611, 5009849.000, 386.550
16/12/2020 11:39:37.927971, 5009848.900, 386.550
16/12/2020 11:39:38.928038, 5009848.900, 386.530
16/12/2020 11:39:39.927837, 5009848.800, 386.500
16/12/2020 11:39:40.927289, 5009848.600, 386.460
16/12/2020 11:39:41.928116, 5009848.500, 386.460
16/12/2020 11:39:42.927697, 5009848.500, 386.450
16/12/2020 11:39:43.928206, 5009848.600, 386.440
16/12/2020 11:39:44.927522, 5009848.400, 386.450
16/12/2020 11:39:45.927302, 5009848.400, 386.470
16/12/2020 11:39:46.927346, 5009848.400, 386.480
16/12/2020 11:39:47.928535, 5009848.400, 386.480
16/12/2020 11:39:48.927520, 5009848.300, 386.500
16/12/2020 11:39:49.928296, 5009848.300, 386.510
16/12/2020 11:39:50.928817, 5009848.400, 386.510
16/12/2020 11:39:51.927701, 5009848.400, 386.510
16/12/2020 11:39:52.928743, 5009848.400, 386.520
16/12/2020 11:39:53.928404, 5009848.300, 386.520
16/12/2020 11:39:54.928109, 5009848.200, 386.520
16/12/2020 11:39:55.927160, 5009848.300, 386.550
16/12/2020 11:39:56.928077, 5009848.200, 386.570
16/12/2020 11:39:57.927226, 5009848.400, 386.560
16/12/2020 11:39:58.928122, 5009848.600, 386.560
16/12/2020 11:39:59.927409, 5009848.700, 386.540
16/12/2020 11:40:00.927754, 5009848.800, 386.480
16/12/2020 11:40:01.927729, 5009848.800, 386.430
16/12/2020 11:40:02.927172, 5009848.800, 386.430
16/12/2020 11:40:03.927478, 5009848.800, 386.090
16/12/2020 11:40:04.927291, 5009848.600, 385.960
16/12/2020 11:40:05.927154, 5009848.700, 385.960
16/12/2020 11:40:06.927068, 5009848.600, 386.090
16/12/2020 11:40:07.927250, 5009848.600, 386.070
16/12/2020 11:40:08.928127, 5009848.500, 386.040
16/12/2020 11:40:09.927243, 5009848.400, 386.040
16/12/2020 11:40:10.927411, 5009848.100, 385.970
16/12/2020 11:40:11.927786, 5009847.800, 386.540
16/12/2020 11:40:12.927913, 5009847.800, 386.840
16/12/2020 11:40:13.927363, 5009846.000, 386.780
16/12/2020 11:40:14.927873, 5009840.800, 387.200
16/12/2020 11:40:15.926963, 5009835.900, 387.890
16/12/2020 11:40:16.927719, 5009832.900, 388.040
16/12/2020 11:40:17.926836, 5009829.900, 387.940
16/12/2020 11:40:18.927320, 5009827.500, 388.480
16/12/2020 11:40:19.927260, 5009825.500, 388.880
16/12/2020 11:40:20.927676, 5009824.300, 388.880
16/12/2020 11:40:21.927472, 5009823.500, 389.240
16/12/2020 11:40:22.927161, 5009822.400, 389.500
16/12/2020 11:40:23.928144, 5009821.200, 389.900
16/12/2020 11:40:24.927005, 5009820.700, 390.160
16/12/2020 11:40:25.927562, 5009819.400, 390.550
16/12/2020 11:40:26.927621, 5009818.200, 390.970
16/12/2020 11:40:27.927588, 5009817.300, 391.380
16/12/2020 11:40:28.926890, 5009816.300, 391.830
16/12/2020 11:40:29.927104, 5009815.300, 392.240
16/12/2020 11:40:30.928029, 5009814.800, 392.570
16/12/2020 11:40:31.927452, 5009814.400, 392.870
16/12/2020 11:40:32.927554, 5009814.200, 393.160
16/12/2020 11:40:33.926893, 5009814.100, 393.430
16/12/2020 11:40:34.926742, 5009814.100, 393.430
16/12/2020 11:40:35.926903, 5009814.000, 393.680
16/12/2020 11:40:36.926683, 5009814.000, 393.920
16/12/2020 11:40:37.926796, 5009814.000, 394.130
16/12/2020 11:40:38.927703, 5009814.000, 394.330
16/12/2020 11:40:39.927461, 5009813.900, 394.520
16/12/2020 11:40:40.927015, 5009813.800, 394.700
16/12/2020 11:40:41.927669, 5009813.800, 394.860
16/12/2020 11:40:42.926359, 5009813.800, 395.030
16/12/2020 11:40:43.927453, 5009813.800, 395.180
16/12/2020 11:40:44.927720, 5009813.800, 395.330
16/12/2020 11:40:45.926833, 5009813.900, 395.470
16/12/2020 11:40:46.926822, 5009813.900, 395.600
16/12/2020 11:40:47.927882, 5009814.000, 395.720
16/12/2020 11:40:48.926829, 5009814.000, 395.830
16/12/2020 11:40:49.926584, 5009814.100, 395.830
16/12/2020 11:40:50.927040, 5009814.300, 395.940
16/12/2020 11:40:51.926694, 5009814.400, 396.050
16/12/2020 11:40:52.927390, 5009814.600, 396.160
16/12/2020 11:40:53.926804, 5009814.800, 396.250
16/12/2020 11:40:54.926807, 5009814.900, 396.350
16/12/2020 11:40:55.927448, 5009815.000, 396.430
16/12/2020 11:40:56.927218, 5009815.100, 396.510
16/12/2020 11:40:57.928526, 5009815.300, 396.600
16/12/2020 11:40:58.926432, 5009815.300, 396.670
16/12/2020 11:40:59.927715, 5009815.500, 396.740
16/12/2020 11:41:00.927475, 5009815.600, 396.810
16/12/2020 11:41:01.926337, 5009815.900, 396.880
16/12/2020 11:41:02.926533, 5009816.000, 396.930
16/12/2020 11:41:03.927189, 5009816.100, 396.930
16/12/2020 11:41:04.926750, 5009816.400, 397.000
16/12/2020 11:41:05.926848, 5009816.500, 397.060
16/12/2020 11:41:06.926417, 5009816.700, 397.110
16/12/2020 11:41:07.926394, 5009816.800, 397.160
16/12/2020 11:41:08.926625, 5009817.000, 397.210
16/12/2020 11:41:09.927655, 5009817.100, 397.250
16/12/2020 11:41:10.927781, 5009817.300, 397.300
16/12/2020 11:41:11.927614, 5009817.400, 397.360
16/12/2020 11:41:12.927046, 5009817.600, 397.400
16/12/2020 11:41:13.928532, 5009817.700, 397.440
16/12/2020 11:41:14.926113, 5009817.900, 397.480
16/12/2020 11:41:15.926539, 5009818.000, 397.520
16/12/2020 11:41:16.926456, 5009818.200, 397.550
16/12/2020 11:41:17.927211, 5009818.300, 397.550
16/12/2020 11:41:18.926423, 5009818.400, 397.580
16/12/2020 11:41:19.926351, 5009818.600, 397.610
16/12/2020 11:41:20.926193, 5009818.600, 397.640
16/12/2020 11:41:21.925971, 5009818.800, 397.660
16/12/2020 11:41:22.926091, 5009818.900, 397.690
16/12/2020 11:41:23.925939, 5009819.000, 397.710
16/12/2020 11:41:24.927317, 5009819.100, 397.750
16/12/2020 11:41:25.926814, 5009819.200, 397.770
16/12/2020 11:41:26.926762, 5009819.300, 397.790
16/12/2020 11:41:27.927792, 5009819.400, 397.810
16/12/2020 11:41:28.926476, 5009819.500, 397.820
16/12/2020 11:41:29.926342, 5009819.700, 397.840
16/12/2020 11:41:30.927125, 5009819.800, 397.870
16/12/2020 11:41:31.927181, 5009819.900, 397.890
16/12/2020 11:41:32.926257, 5009820.000, 397.890
16/12/2020 11:41:33.926593, 5009820.000, 397.910
16/12/2020 11:41:34.926757, 5009820.100, 397.930
16/12/2020 11:41:35.925824, 5009820.200, 397.950
16/12/2020 11:41:36.927376, 5009820.300, 397.970
16/12/2020 11:41:37.925937, 5009820.400, 397.980
16/12/2020 11:41:38.925771, 5009820.400, 398.000
16/12/2020 11:41:39.927355, 5009820.500, 398.020
16/12/2020 11:41:40.926979, 5009820.600, 398.030
16/12/2020 11:41:41.927693, 5009820.700, 398.050
16/12/2020 11:41:42.927093, 5009820.800, 398.060
16/12/2020 11:41:43.926375, 5009820.800, 398.070
16/12/2020 11:41:44.926059, 5009820.800, 398.090
16/12/2020 11:41:45.926519, 5009820.900, 398.100
16/12/2020 11:41:46.926649, 5009821.000, 398.100
16/12/2020 11:41:47.927492, 5009821.000, 398.110
16/12/2020 11:41:48.926338, 5009821.100, 398.130
16/12/2020 11:41:49.926119, 5009821.100, 398.140
16/12/2020 11:41:50.927078, 5009821.100, 398.150
16/12/2020 11:41:51.926931, 5009821.200, 398.160
16/12/2020 11:41:52.926307, 5009821.300, 398.170
16/12/2020 11:41:53.926790, 5009821.300, 398.190
16/12/2020 11:41:54.926189, 5009821.300, 398.200
16/12/2020 11:41:55.925926, 5009821.400, 398.210
16/12/2020 11:41:56.926673, 5009821.400, 398.220
16/12/2020 11:41:57.926902, 5009821.400, 398.240
16/12/2020 11:41:58.926824, 5009821.400, 398.250
16/12/2020 11:41:59.925515, 5009821.500, 398.270
16/12/2020 11:42:00.926357, 5009821.500, 398.280
16/12/2020 11:42:01.927749, 5009821.400, 398.280
16/12/2020 11:42:02.926125, 5009821.400, 398.290
16/12/2020 11:42:03.925705, 5009821.400, 398.300
16/12/2020 11:42:04.925731, 5009821.500, 398.310
16/12/2020 11:42:05.926380, 5009821.500, 398.320
16/12/2020 11:42:06.925401, 5009821.400, 398.320
16/12/2020 11:42:07.925523, 5009821.400, 398.330
16/12/2020 11:42:08.927924, 5009821.400, 398.340
16/12/2020 11:42:09.928474, 5009821.400, 398.340
16/12/2020 11:42:10.926154, 5009821.400, 398.350
16/12/2020 11:42:11.926194, 5009821.300, 398.360
16/12/2020 11:42:12.926514, 5009821.300, 398.360
16/12/2020 11:42:13.926337, 5009821.400, 398.370
16/12/2020 11:42:14.927728, 5009821.300, 398.390
16/12/2020 11:42:15.925669, 5009821.300, 398.390
16/12/2020 11:42:16.925673, 5009821.300, 398.400
16/12/2020 11:42:17.925266, 5009821.300, 398.410
16/12/2020 11:42:18.925319, 5009821.200, 398.420
16/12/2020 11:42:19.925550, 5009821.200, 398.430
16/12/2020 11:42:20.925349, 5009821.300, 398.430
16/12/2020 11:42:21.926035, 5009821.300, 398.440
16/12/2020 11:42:22.926015, 5009821.200, 398.460
16/12/2020 11:42:23.926721, 5009821.300, 398.460
16/12/2020 11:42:24.925138, 5009821.200, 398.480
16/12/2020 11:42:25.927628, 5009821.200, 398.490
16/12/2020 11:42:26.927109, 5009821.100, 398.510
16/12/2020 11:42:27.925114, 5009821.100, 398.510
16/12/2020 11:42:28.925399, 5009821.100, 398.530
16/12/2020 11:42:29.926138, 5009821.100, 398.530
16/12/2020 11:42:30.924923, 5009821.000, 398.540
16/12/2020 11:42:31.925619, 5009821.000, 398.550
16/12/2020 11:42:33.112209, 5009821.000, 398.560
16/12/2020 11:42:34.116510, 5009821.000, 398.570
16/12/2020 11:42:35.111328, 5009820.900, 398.580
16/12/2020 11:42:36.111423, 5009820.800, 398.590
16/12/2020 11:42:37.112570, 5009820.800, 398.600
16/12/2020 11:42:38.111511, 5009820.700, 398.610
16/12/2020 11:42:39.112614, 5009820.700, 398.620
16/12/2020 11:42:40.111761, 5009820.600, 398.640
16/12/2020 11:42:41.111796, 5009820.400, 398.650
16/12/2020 11:42:42.112180, 5009820.400, 398.660
16/12/2020 11:42:43.111524, 5009820.300, 398.670
16/12/2020 11:42:44.111743, 5009820.300, 398.680
16/12/2020 11:42:45.112068, 5009820.100, 398.680
16/12/2020 11:42:46.112519, 5009820.100, 398.690
16/12/2020 11:42:47.119600, 5009820.000, 398.710
16/12/2020 11:42:48.112761, 5009819.900, 398.710
16/12/2020 11:42:49.112639, 5009819.900, 398.720
16/12/2020 11:42:50.111671, 5009819.800, 398.730
16/12/2020 11:42:51.111749, 5009819.700, 398.740
16/12/2020 11:42:52.112696, 5009819.500, 398.750
16/12/2020 11:42:53.112761, 5009819.400, 398.750
16/12/2020 11:42:54.112897, 5009819.400, 398.770
16/12/2020 11:42:55.111775, 5009819.300, 398.770
16/12/2020 11:42:56.113092, 5009819.300, 398.790
16/12/2020 11:42:57.111889, 5009819.100, 398.810
16/12/2020 11:42:58.112966, 5009819.000, 398.810
16/12/2020 11:42:59.113840, 5009818.900, 398.810
16/12/2020 11:43:00.112995, 5009818.900, 398.830
16/12/2020 11:43:01.112013, 5009818.800, 398.830
16/12/2020 11:43:02.112331, 5009818.700, 398.840
16/12/2020 11:43:03.111985, 5009818.600, 398.860
16/12/2020 11:43:04.112078, 5009818.400, 398.860
16/12/2020 11:43:05.112295, 5009818.400, 398.870
16/12/2020 11:43:06.112470, 5009818.300, 398.880
16/12/2020 11:43:07.112461, 5009818.200, 398.890
16/12/2020 11:43:08.112235, 5009818.100, 398.900
16/12/2020 11:43:09.111884, 5009818.000, 398.910
16/12/2020 11:43:10.112279, 5009818.000, 398.910
16/12/2020 11:43:11.112739, 5009817.900, 398.930
16/12/2020 11:43:12.115065, 5009817.800, 398.940
16/12/2020 11:43:13.112184, 5009817.700, 398.950
16/12/2020 11:43:14.113349, 5009817.600, 398.950
16/12/2020 11:43:15.112848, 5009817.500, 398.960
16/12/2020 11:43:16.115810, 5009817.400, 398.970
16/12/2020 11:43:17.112512, 5009817.400, 398.980
16/12/2020 11:43:18.112775, 5009817.400, 398.990
16/12/2020 11:43:19.112330, 5009817.300, 398.990
16/12/2020 11:43:20.112484, 5009817.200, 399.000
16/12/2020 11:43:21.113076, 5009817.100, 399.010
16/12/2020 11:43:22.112468, 5009817.000, 399.020
16/12/2020 11:43:23.112830, 5009817.000, 399.030
16/12/2020 11:43:24.113688, 5009816.900, 399.040
16/12/2020 11:43:25.113481, 5009816.900, 399.040
16/12/2020 11:43:26.114128, 5009816.800, 399.060
16/12/2020 11:43:27.112417, 5009816.800, 399.060
16/12/2020 11:43:28.113992, 5009816.800, 399.060
16/12/2020 11:43:29.113344, 5009816.600, 399.070
16/12/2020 11:43:30.113244, 5009816.600, 399.080
16/12/2020 11:43:31.118064, 5009816.500, 399.080
16/12/2020 11:43:32.113631, 5009816.500, 399.090
16/12/2020 11:43:33.113935, 5009816.400, 399.100
16/12/2020 11:43:34.133680, 5009816.300, 399.100
16/12/2020 11:43:35.113084, 5009816.400, 399.110
16/12/2020 11:43:36.112632, 5009816.300, 399.120
16/12/2020 11:43:37.112423, 5009816.200, 399.130
16/12/2020 11:43:38.113441, 5009816.100, 399.130
16/12/2020 11:43:39.115052, 5009816.100, 399.140
16/12/2020 11:43:40.112815, 5009816.000, 399.150
16/12/2020 11:43:41.113434, 5009816.000, 399.150
16/12/2020 11:43:42.114170, 5009816.000, 399.150
16/12/2020 11:43:43.114471, 5009815.900, 399.150
16/12/2020 11:43:44.113258, 5009815.900, 399.160
16/12/2020 11:43:45.114915, 5009815.900, 399.170
16/12/2020 11:43:46.115430, 5009815.800, 399.170
16/12/2020 11:43:47.114603, 5009815.800, 399.180
16/12/2020 11:43:48.119182, 5009815.800, 399.190
16/12/2020 11:43:49.113192, 5009815.600, 399.190
16/12/2020 11:43:50.113245, 5009815.600, 399.200
16/12/2020 11:43:51.113386, 5009815.500, 399.210
16/12/2020 11:43:52.114278, 5009815.600, 399.220
16/12/2020 11:43:53.113659, 5009815.500, 399.220
16/12/2020 11:43:54.113232, 5009815.400, 399.230
16/12/2020 11:43:55.113697, 5009815.300, 399.240
16/12/2020 11:43:56.115225, 5009815.300, 399.250
16/12/2020 11:43:57.113423, 5009815.400, 399.250
16/12/2020 11:43:58.113614, 5009815.300, 399.250
16/12/2020 11:43:59.113806, 5009815.300, 399.260
16/12/2020 11:44:00.118190, 5009815.200, 399.260
16/12/2020 11:44:01.113326, 5009815.200, 399.270
16/12/2020 11:44:02.113982, 5009815.200, 399.290
16/12/2020 11:44:03.113494, 5009815.100, 399.280
16/12/2020 11:44:04.113428, 5009815.100, 399.280
16/12/2020 11:44:05.113731, 5009815.100, 399.290
16/12/2020 11:44:06.113527, 5009815.000, 399.300
16/12/2020 11:44:07.113418, 5009815.100, 399.300
16/12/2020 11:44:08.113410, 5009815.000, 399.310
16/12/2020 11:44:09.114071, 5009815.000, 399.310
16/12/2020 11:44:10.113387, 5009815.000, 399.320
16/12/2020 11:44:11.113436, 5009815.000, 399.320
16/12/2020 11:44:12.113409, 5009815.000, 399.320
16/12/2020 11:44:13.114770, 5009815.000, 399.330
16/12/2020 11:44:14.115894, 5009815.000, 399.330
16/12/2020 11:44:15.113426, 5009814.900, 399.340
16/12/2020 11:44:16.115378, 5009815.000, 399.350
16/12/2020 11:44:17.115544, 5009814.900, 399.360
16/12/2020 11:44:18.114301, 5009814.900, 399.360
16/12/2020 11:44:19.114581, 5009814.900, 399.360
16/12/2020 11:44:20.114319, 5009814.900, 399.370
16/12/2020 11:44:21.114664, 5009814.900, 399.370
16/12/2020 11:44:22.113736, 5009814.900, 399.380
16/12/2020 11:44:23.113715, 5009814.800, 399.390
16/12/2020 11:44:24.114168, 5009814.800, 399.390
16/12/2020 11:44:25.114518, 5009814.900, 399.400
16/12/2020 11:44:26.114874, 5009814.800, 399.400
16/12/2020 11:44:27.115951, 5009814.800, 399.400
16/12/2020 11:44:28.114129, 5009814.800, 399.410
16/12/2020 11:44:29.116058, 5009814.800, 399.410
16/12/2020 11:44:30.114758, 5009814.800, 399.410
16/12/2020 11:44:31.116591, 5009814.700, 399.410
16/12/2020 11:44:32.116265, 5009814.600, 399.420
16/12/2020 11:44:33.114114, 5009814.600, 399.420
16/12/2020 11:44:34.115871, 5009814.600, 399.430
16/12/2020 11:44:35.117988, 5009814.600, 399.440
16/12/2020 11:44:36.116077, 5009814.600, 399.440
16/12/2020 11:44:37.114814, 5009814.600, 399.450
16/12/2020 11:44:38.115880, 5009814.600, 399.450
16/12/2020 11:44:39.114184, 5009814.600, 399.450
16/12/2020 11:44:40.114299, 5009814.600, 399.450
16/12/2020 11:44:41.113966, 5009814.600, 399.460
16/12/2020 11:44:42.114053, 5009814.600, 399.460
16/12/2020 11:44:43.114757, 5009814.600, 399.470
16/12/2020 11:44:44.115389, 5009814.600, 399.470
16/12/2020 11:44:45.114848, 5009814.600, 399.470
16/12/2020 11:44:46.116235, 5009814.500, 399.480
16/12/2020 11:44:47.116300, 5009814.500, 399.480
16/12/2020 11:44:48.115564, 5009814.500, 399.490
16/12/2020 11:44:49.116092, 5009814.500, 399.490
16/12/2020 11:44:50.115010, 5009814.500, 399.490
16/12/2020 11:44:51.114921, 5009814.500, 399.490
16/12/2020 11:44:52.114606, 5009814.500, 399.500
16/12/2020 11:44:53.115127, 5009814.400, 399.500
16/12/2020 11:44:54.114352, 5009814.300, 399.500
16/12/2020 11:44:55.116811, 5009814.400, 399.500
16/12/2020 11:44:56.114808, 5009814.400, 399.510
16/12/2020 11:44:57.115101, 5009814.400, 399.510
16/12/2020 11:44:58.114562, 5009814.400, 399.520
16/12/2020 11:44:59.115515, 5009814.300, 399.520
16/12/2020 11:45:00.117067, 5009814.300, 399.530
16/12/2020 11:45:01.114269, 5009814.300, 399.530
16/12/2020 11:45:02.116417, 5009814.200, 399.540
16/12/2020 11:45:03.115695, 5009814.200, 399.540
16/12/2020 11:45:04.116321, 5009814.100, 399.540
16/12/2020 11:45:05.115143, 5009814.100, 399.540
16/12/2020 11:45:06.114860, 5009814.000, 399.540
16/12/2020 11:45:07.114839, 5009814.000, 399.540
16/12/2020 11:45:08.115954, 5009814.000, 399.540
16/12/2020 11:45:09.114787, 5009813.900, 399.540
16/12/2020 11:45:10.114807, 5009813.800, 399.550
16/12/2020 11:45:11.114583, 5009813.800, 399.540
16/12/2020 11:45:12.114835, 5009813.800, 399.540
16/12/2020 11:45:13.115440, 5009813.700, 399.540
16/12/2020 11:45:14.114907, 5009813.600, 399.540
16/12/2020 11:45:15.116695, 5009813.600, 399.550
16/12/2020 11:45:16.116101, 5009813.600, 399.560
16/12/2020 11:45:17.116655, 5009813.600, 399.560
16/12/2020 11:45:18.115283, 5009813.500, 399.560
16/12/2020 11:45:19.115805, 5009813.400, 399.560
16/12/2020 11:45:20.117074, 5009813.400, 399.560
16/12/2020 11:45:21.114825, 5009813.300, 399.570
16/12/2020 11:45:22.114824, 5009813.300, 399.580
16/12/2020 11:45:23.114797, 5009813.300, 399.580
16/12/2020 11:45:24.114829, 5009813.200, 399.580
16/12/2020 11:45:25.114929, 5009813.300, 399.590
16/12/2020 11:45:26.117248, 5009813.100, 399.590
16/12/2020 11:45:27.116371, 5009813.100, 399.600
16/12/2020 11:45:28.115205, 5009813.000, 399.600
16/12/2020 11:45:29.115235, 5009813.000, 399.610
16/12/2020 11:45:30.115826, 5009813.000, 399.610
16/12/2020 11:45:31.116912, 5009812.900, 399.620
16/12/2020 11:45:32.115956, 5009812.900, 399.630
16/12/2020 11:45:33.114936, 5009812.900, 399.630
16/12/2020 11:45:34.115198, 5009812.800, 399.640
16/12/2020 11:45:35.115522, 5009812.700, 399.650
